quarter,coupon_all,rem10,fed10,gross10
1979Q4,,,,4.716
1980Q1,,,,4.146
1980Q2,,,,7.832
1980Q3,,,,7.137
1980Q4,,,,6.321169
1981Q1,,,,7.106576
1981Q2,,,,6.101585
1981Q3,,,,6.856657
1981Q4,,,,6.948887
1982Q1,,,,7.125704
1982Q2,,,,4.942336
1982Q3,,,,8.587348
1982Q4,,,,7.481074
1983Q1,,,,12.118244
1983Q2,,,,12.265745
1983Q3,,,,15.009797
1983Q4,,,,14.197303
1984Q1,,,,15.462992
1984Q2,,,,14.415496
1984Q3,,,,15.432962
1984Q4,,,,16.657966
1985Q1,,,,17.448399
1985Q2,,,,17.790982
1985Q3,,,,19.599004
1985Q4,,,,18.940545
1986Q1,,,,20.569066
1986Q2,,,,18.836986
1986Q3,,,,20.032854
1986Q4,,,,19.452939
1987Q1,,,,19.651926
1987Q2,,,,19.266786
1987Q3,,,,18.442373
1987Q4,,,,14.728232
1988Q1,,,,17.990557
1988Q2,,,,17.856213
1988Q3,,,,11.325653
1988Q4,,,,18.918939
1989Q1,,,,19.309926
1989Q2,,,,19.665109
1989Q3,,,,20.115588
1989Q4,,,,21.031789
1990Q1,,,,20.889911
1990Q2,,,,20.633316
1990Q3,,,,21.523837
1990Q4,,,,22.437803
1991Q1,,,,22.411021
1991Q2,,,,24.32576
1991Q3,,,,24.462816
1991Q4,,,,24.935594
1992Q1,,,,21.606052
1992Q2,,,,22.181338
1992Q3,,,,22.093746
1992Q4,,,,22.79821
1993Q1,,,,21.767198
1993Q2,,,,20.142943
1993Q3,,,,24.451946
1993Q4,,,,15.073851
1994Q1,,,,24.327182
1994Q2,,,,14.422642
1994Q3,,,,24.77873
1994Q4,,,,14.303857
1995Q1,,,,25.511577
1995Q2,,,,14.703227
1995Q3,,,,27.606203
1995Q4,,,,15.208114
1996Q1,,,,28.410375
1996Q2,,,,16.002334
1996Q3,,,,33.626772
1996Q4,,,,33.921883
1997Q1,,,,30.902122
1997Q2,,,,22.353221
1997Q3,,,,23.764602
1997Q4,,,,23.780365
1998Q1,,,,33.315005
1998Q2,,,,23.17419
1998Q3,,,,32.593536
1998Q4,,,,32.83241
1999Q1,,,,31.473357
1999Q2,,,,22.148767
1999Q3,,,,33.29097
1999Q4,,,,20.008382
2000Q1,,,,29.858283
2000Q2,,,,11.075987
2000Q3,,,,23.132668
2000Q4,,,,15.075278
2001Q1,2254.920854,574.14095,,28.86171
2001Q2,2187.254903,562.323205,,11.45732
2001Q3,2147.409366,560.256574,,22.583346
2001Q4,2156.647293,552.771515,,19.591759
2002Q1,2153.924062,552.623846,,19.752843
2002Q2,2187.307582,549.263624,,11.391634
2002Q3,2253.350475,549.345353,,29.655019
2002Q4,2316.372765,539.519253,79.838,25.111007
2003Q1,2361.793559,539.615695,79.904,25.496653
2003Q2,2451.17482,540.151353,79.976,18.251867
2003Q3,2542.369183,528.254765,77.088,44.515344
2003Q4,2646.254439,528.533655,77.146,39.633903
2004Q1,2736.130497,528.574933,77.432,40.072526
2004Q2,2808.58462772449,524.79819061104,76.737,36.293708
2004Q3,2884.50610393226,531.82267331558,76.315,45.718028
2004Q4,2942.488976,527.257843,75.763,34.47073
2005Q1,3030.620007,527.808752,76.947,45.211861
2005Q2,3093.57647495415,529.23027151362,78.155,33.470758
2005Q3,3156.507641,531.724328,77.125,37.472207
2005Q4,3171.9898907,527.6630556,77.213,31.220661
2006Q1,3284.24628482342,548.46370174091,79.982,57.447438
2006Q2,3323.20991097949,531.08982886077,78.375,31.294207
2006Q3,3345.7545281501502,552.02260132699,81.55,52.936822
2006Q4,3351.66537320112,532.41298506674,80.489,32.705975
2007Q1,3389.58481380875,551.74082274245,82.534,52.456208
2007Q2,3429.28448589758,545.26119074343,82.312,38.350461
2007Q3,3449.36452423622,556.58004510836,86.198,57.140142
2007Q4,3518.6146118397,564.50603276451,88.809,41.240846
2008Q1,3559.87987711477,588.07702480442,94.246,61.885734
2008Q2,3621.87768245108,592.92202433785,96.535,49.3077437
2008Q3,3732.07544473637,616.85486583145,101.384,65.1937242
2008Q4,3916.88785534388,619.29921806978,101.834,98.7868193
2009Q1,4218.46698797569,636.48713161592,99.681,100.2849247
2009Q2,4593.63885267652,665.46411462143,121.964,97.0675221
2009Q3,5005.21733954118,694.6503531105,140.173,120.7298637
2009Q4,5467.00938096231,738.38121764606,144.752,119.5856615
2010Q1,5901.55782282433,781.7363606630901,143.942,133.714965
2010Q2,6309.56112670157,819.58704465721,143.834,122.7573137
2010Q3,6699.55166634517,852.87384806312,140.901,140.0559485
2010Q4,7080.41319086598,896.1551999389,159.07,120.1341468
2011Q1,7423.92029135703,939.45437076162,179.124,143.9098427
2011Q2,7794.63259061843,983.36072982768,196.906,128.8250801
2011Q3,8138.52009445968,1017.24441234773,198.533,133.5674435
2011Q4,8346.40521214465,1038.29036198459,230.591,131.0697023
2012Q1,8593.48870866571,1093.35511493497,281.117,155.0614925
2012Q2,8859.96879554125,1150.0053813175,332.895,139.0902169
2012Q3,9073.55667695274,1180.99940858776,377.403,136.000692
2012Q4,9417.04329487109,1224.85577193445,425.241,128.0002155
2013Q1,9542.72419459718,1258.97525400085,457.282,145.0002565
2013Q2,9761.01039344274,1310.49836389362,501.221,128.0001554
2013Q3,10060.41267674371,1330.95163802467,533.24,136.000281
2013Q4,10262.40726112604,1380.02841303411,580.31,128.0005484
2014Q1,10427.44844821726,1431.44175056254,615.148,145.0254241
2014Q2,10600.54837813459,1484.16561300596,641.782,128.000211
2014Q3,10746.55585549587,1527.57835021131,659.695,136.0050427
2014Q4,10882.83213774145,1566.18137211838,658.289,128.053486
2015Q1,10947.22809809611,1568.48750161158,643.13,145.0016641
2015Q2,11057.66723318011,1620.91903734519,644.316,128.9051926
2015Q3,11196.31829341983,1654.37684922408,638.041,136.8042341
2015Q4,11349.48213949347,1702.61715550678,637.863,128.2038381
2016Q1,11484.79099123678,1715.34038777295,632.241,144.9507714
2016Q2,11577.43516955395,1766.12509676441,636.44,130.3537539
2016Q3,11666.38864434011,1800.2341473475399,634.982,132.6471748
2016Q4,11659.06480349534,1838.23720247497,633.16,127.7922351
2017Q1,11859.03030836394,1859.51633374759,627.368,142.2878286
2017Q2,11938.77466887113,1911.1024167199,632.949,132.7487449
2017Q3,11952.73237661665,1946.02312253271,633.168,139.4860312
2017Q4,12078.27316888309,1972.15302064485,622.89,123.3428031
2018Q1,12212.75998673117,2008.08667239933,626.439,149.2612341
2018Q2,12361.47871002241,2038.2467581573699,619.464,140.0941901
2018Q3,12566.07152768609,2077.47947222793,617.133,148.761381
2018Q4,12884.0911710072,2126.40787634429,618.63,150.3470378
2019Q1,12958.33384806159,2161.18478496615,617.63,169.4630074
2019Q2,13167.82833753904,2192.10686523816,612.229,153.8564583
2019Q3,13537.43835586709,2252.60347126625,621.296,191.1608218
2019Q4,13815.58553425303,2313.29510130848,640.522,215.7749179
2020Q1,14047.46521224613,2381.85337828734,735.754,184.8349753
2020Q2,14357.24367294844,2474.81588899084,925.617,226.8034315
2020Q3,14860.3807998681,2642.10320651261,993.773,322.6173975
2020Q4,15510.421228996,2809.18782367753,1054.458,307.3051292
2021Q1,16185.44140401095,2980.01834401532,1127.312,354.4811647
2021Q2,16904.34473939713,3169.14817585534,1212.068,344.7594284
2021Q3,17579.09855176057,3361.71466533577,1280.427,363.4187639
2021Q4,18210.54771596469,3529.99099395575,1350.631,323.4706008
2022Q1,18731.84999206723,3695.34986178485,1400.337,336.439348
2022Q2,19156.14781502125,3830.88228098647,1430.814,289.4785674
2022Q3,19418.61445013947,3965.92422181576,1454.857,285.2561465
2022Q4,19485.52867472553,4060.65727922827,1464.585,220.8995094
2023Q1,19707.08935820871,4192.62205509612,1478.775,275.337685
2023Q2,19828.03530304197,4304.13984970173,1491.486,235.2588566
2023Q3,19777.23730408101,4414.90645007883,1503.565,259.3145205
2023Q4,19982.58823082602,4524.86009477775,1505.168,235.5751341
2024Q1,20197.8251245269,4647.44018107619,1508.369,277.0369648
2024Q2,20557.31432563401,4767.26622724207,1515.822,260.362337
2024Q3,21103.42197936141,4903.84703383416,1527.237,315.3444359
2024Q4,21455.10206767458,5017.52445555674,1535.911,266.9925549
2025Q1,21769.91778243004,5146.52369860108,1552.159,316.1118962
2025Q2,22194.72248328874,5269.9462219153,1569.988,288.3035127
2025Q3,22623.00232904558,5393.91977579676,1586.104,314.96932
2025Q4,23019.69529604172,5503.23904209582,1596.314,265.5295175
2026Q1,23318.23174033811,5597.7294858354,1594.357,322.8954845
2026Q2,23685.18797223828,5718.26683037615,1612.748,280.7232857
2026Q3,23896.30333491264,5803.56659964224,1625.11,310.5585611
