quarter,nfc_net_lending,nfc_financing_gap,nfc_capex,nfc_debtsec_flow,nfc_bond_flow,nfc_loan_flow,nfc_debtsec_level,nfc_bond_level,nfc_loan_level,ust_flow,ust_level,nfc_cp_flow,ust_bill_flow,ust_coupon_flow,ust_coupon_level,fed_coupon_flow
1945Q4,,,,,,,24000,23905,20653,,208239,,,,153047,
1946Q4,-14920.0,9353.0,19182.0,995.0,953.0,4306.0,24995,24858,24894,-24462.0,183777,42.0,-8172.0,-16290.0,136757,-1958.0
1947Q4,-7477.0,3566.0,18347.0,2848.0,2813.0,4067.0,27843,27671,28938,-9279.0,174498,35.0,-10664.0,1385.0,138142,3220.0
1948Q4,-6542.0,709.0,21885.0,4294.0,4300.0,1797.0,32137,31971,30674,-8157.0,166341,-6.0,2393.0,-10550.0,127592,7439.0
1949Q4,1110.0,-6472.0,15074.0,2899.0,2903.0,-1316.0,35036,34874,29359,1025.0,167366,-4.0,3206.0,-2181.0,125411,-3987.0
1950Q4,-9309.0,3808.0,24252.0,1669.0,1624.0,4379.0,36705,36498,33734,-809.0,166557,45.0,-22955.0,22146.0,147557,9366.0
1951Q4,-29515.0,8492.0,30993.0,3356.0,3294.0,5073.0,40061,39792,38806,170.0,166727,62.0,28180.0,-28010.0,119547,-6736.0
1952Q1,-32723.0,2812.0,27563.0,4404.0,4324.0,54.0,41201,40873,38566,10780.0,165360,80.0,-4952.0,15732.0,119418,4540.0
1952Q2,-23115.0,-1916.0,21547.0,6036.0,5880.0,-326.0,42647,42343,38124,2188.0,165031,156.0,-1200.0,3388.0,119389,-1956.0
1952Q3,12620.0,2510.0,26192.0,4536.0,4508.0,2585.0,43816,43470,38711,1864.0,167863,28.0,-2688.0,4552.0,122893,152.0
1952Q4,39876.0,3312.0,29432.0,4092.0,4108.0,3529.0,44828,44497,40270,4736.0,171619,-16.0,-26180.0,30916.0,133194,28804.0
1953Q1,-5430.0,2297.0,29051.0,3052.0,3040.0,3402.0,45627,45257,40878,2204.0,168191,12.0,-13020.0,15224.0,133021,2372.0
1953Q2,26322.0,4992.0,30460.0,4012.0,4052.0,-217.0,46567,46270,40787,5392.0,168581,-40.0,1564.0,3828.0,133020,-1532.0
1953Q3,25633.0,3556.0,28663.0,2160.0,2120.0,2065.0,47147,46800,41191,16412.0,175018,40.0,41264.0,-24852.0,129141,-3392.0
1953Q4,-57175.0,-33.0,22860.0,5120.0,4848.0,-4183.0,48414,48012,40839,-3228.0,176814,272.0,80.0,-3308.0,130917,-3016.0
1954Q1,-64287.0,-1667.0,23751.0,3480.0,3108.0,920.0,49314,48789,40852,-2992.0,172200,372.0,-22028.0,19036.0,131810,2124.0
1954Q2,-68403.0,-3775.0,23170.0,3828.0,3740.0,-2330.0,50208,49724,39944,2904.0,171915,88.0,-9880.0,12784.0,133995,-3120.0
1954Q3,-64011.0,-3946.0,23804.0,5328.0,5100.0,-736.0,51583,50999,39583,3124.0,175045,228.0,-904.0,4028.0,137351,72.0
1954Q4,-6035.0,-3620.0,26326.0,2020.0,2192.0,1864.0,52078,51547,40765,3836.0,178532,-172.0,41080.0,-37244.0,130568,-31336.0
1955Q1,-38007.0,-2363.0,30028.0,1840.0,2032.0,2380.0,52555,52055,41164,-4156.0,173973,-192.0,-42948.0,38792.0,136746,20088.0
1955Q2,-104791.0,-440.0,33057.0,2628.0,2896.0,5438.0,53159,52779,42227,1132.0,172997,-268.0,-15508.0,16640.0,139647,5320.0
1955Q3,-58436.0,1970.0,34828.0,1672.0,1896.0,5196.0,53624,53253,43250,-164.0,175191,-224.0,-13972.0,13808.0,145334,22492.0
1955Q4,-22588.0,4499.0,38269.0,5252.0,5244.0,9495.0,54926,54564,46290,1816.0,178189,8.0,32788.0,-30972.0,140135,-15388.0
1956Q1,-93661.0,5933.0,38926.0,1648.0,1688.0,8654.0,55348,54986,48257,-5000.0,173724,-40.0,14072.0,-19072.0,132152,-16224.0
1956Q2,18787.0,5962.0,39190.0,3724.0,3840.0,6994.0,56235,55946,49748,-15060.0,168502,-116.0,-17844.0,2784.0,131391,-1088.0
1956Q3,27479.0,5421.0,40141.0,4508.0,4268.0,3906.0,57414,57013,50344,-4648.0,169476,240.0,12876.0,-17524.0,129146,-232.0
1956Q4,-87061.0,5724.0,40323.0,4088.0,4108.0,5461.0,58418,58040,52543,2500.0,172637,-20.0,15488.0,-12988.0,128435,-2500.0
1957Q1,40870.0,3085.0,39312.0,5744.0,5880.0,5431.0,59863,59510,53683,6872.0,171487,-136.0,1972.0,4900.0,126792,1196.0
1957Q2,-91414.0,3343.0,39673.0,5856.0,5860.0,6221.0,61295,60975,55041,-14772.0,166057,-4.0,-3208.0,-11564.0,122164,-1280.0
1957Q3,113414.0,4597.0,40841.0,5976.0,6052.0,1851.0,62852,62488,54973,10408.0,170669,-76.0,71100.0,-60692.0,109001,-35336.0
1957Q4,-8206.0,-613.0,34258.0,6728.0,6336.0,864.0,64494,64072,56139,-5684.0,171843,392.0,-1028.0,-4656.0,110432,-1200.0
1958Q1,-68256.0,-4509.0,28076.0,8520.0,7460.0,-571.0,66653,65937,55707,3812.0,170060,1060.0,-27644.0,31456.0,115560,2888.0
1958Q2,-76644.0,-6780.0,27023.0,4772.0,4320.0,-399.0,67808,67017,55466,20144.0,173354,452.0,3304.0,16840.0,118028,-820.0
1958Q3,-117936.0,-4812.0,31460.0,5512.0,5784.0,843.0,69258,68463,55023,-5860.0,173914,-272.0,23440.0,-29300.0,112728,-1612.0
1958Q4,-53300.0,-3033.0,36560.0,4712.0,5008.0,5961.0,70373,69715,57595,18916.0,181096,-296.0,19704.0,-788.0,114984,9748.0
1959Q1,-42508.0,-2300.0,38885.0,2156.0,2368.0,2710.0,70959,70307,57895,10268.0,181118,-212.0,2048.0,8220.0,114494,4356.0
1959Q2,-70617.0,1314.0,44754.0,2852.0,3448.0,9680.0,71627,71169,60300,10448.0,182046,-596.0,-3056.0,13504.0,116186,-1792.0
1959Q3,35097.0,-1689.0,39128.0,2184.0,2272.0,4380.0,72264,71737,60636,10480.0,186548,-88.0,-33556.0,44036.0,129077,32520.0
1959Q4,-90112.0,1066.0,42594.0,3752.0,4228.0,6614.0,73109,72794,63538,5012.0,190148,-476.0,7364.0,-2352.0,130836,-2520.0
1960Q1,72057.0,4783.0,47696.0,1852.0,1688.0,8643.0,73643,73216,65101,-5116.0,186451,164.0,-27684.0,22568.0,134060,11900.0
1960Q2,-52772.0,1028.0,42223.0,4332.0,3564.0,6221.0,74654,74107,66751,-2740.0,184325,768.0,-5304.0,2564.0,133260,-2396.0
1960Q3,109160.0,1178.0,42409.0,3620.0,3128.0,1394.0,75671,74889,66254,940.0,186230,492.0,43468.0,-42528.0,124298,-22184.0
1960Q4,-175389.0,-4887.0,35340.0,5700.0,5308.0,4029.0,76985,76216,68610,-276.0,188350,392.0,-16176.0,15900.0,130462,18804.0
1961Q1,-189437.0,-2957.0,36451.0,560.0,1444.0,1836.0,77200,76577,68332,-2248.0,185688,-884.0,-39496.0,37248.0,137674,18548.0
1961Q2,1046.0,-2252.0,40393.0,8580.0,7812.0,-585.0,79256,78530,68439,6812.0,185994,768.0,8188.0,-1376.0,135933,-6412.0
1961Q3,-46475.0,15.0,44192.0,3436.0,2828.0,2512.0,80254,79237,68116,14580.0,191041,608.0,-10452.0,25032.0,143593,19740.0
1961Q4,-49034.0,-1666.0,44810.0,6304.0,5496.0,6932.0,81705,80611,71286,4280.0,194206,808.0,6020.0,-1740.0,145253,3464.0
1962Q1,-13689.0,-536.0,47930.0,3148.0,3304.0,3028.0,82568,81437,71199,7252.0,194302,-156.0,29840.0,-22588.0,137889,-9064.0
1962Q2,-4602.0,-1417.0,46891.0,6452.0,6176.0,6168.0,84073,82981,73151,4796.0,194009,276.0,-3320.0,8116.0,138426,-1144.0
1962Q3,-2293.0,-1222.0,48106.0,2772.0,2308.0,6912.0,84921,83558,73806,-1520.0,194901,464.0,18008.0,-19528.0,134816,-14648.0
1962Q4,16188.0,-6524.0,45689.0,4172.0,4340.0,9267.0,85841,84643,77630,11664.0,199754,-168.0,43500.0,-31836.0,128794,-11164.0
1963Q1,-25212.0,-4858.0,47783.0,3584.0,3744.0,4891.0,86793,85579,77942,4932.0,199827,-160.0,-2680.0,7612.0,129537,1624.0
1963Q2,-604.0,-5711.0,48576.0,3952.0,4464.0,5447.0,87682,86695,79861,5216.0,199094,-512.0,-3564.0,8780.0,129695,-3704.0
1963Q3,-3363.0,-4091.0,51157.0,1904.0,2120.0,6925.0,88336,87225,80361,-3768.0,199333,-216.0,-22748.0,18980.0,135621,17764.0
1963Q4,2373.0,-4315.0,51600.0,4724.0,4756.0,11553.0,89382,88414,84805,3448.0,202211,-32.0,-4936.0,8384.0,139733,14400.0
1964Q1,-19266.0,-6506.0,53168.0,2364.0,2708.0,7191.0,90039,89091,85666,5028.0,202520,-344.0,-22928.0,27956.0,145774,17552.0
1964Q2,-5603.0,-5522.0,54246.0,5224.0,5084.0,8339.0,91251,90362,88453,2788.0,200805,140.0,-24024.0,26812.0,150065,11212.0
1964Q3,-3953.0,-3729.0,56569.0,2772.0,2784.0,11101.0,92139,91058,89765,6104.0,203501,-12.0,10420.0,-4316.0,150156,4984.0
1964Q4,-8969.0,-1401.0,58921.0,6244.0,5400.0,12394.0,93533,92408,94396,4304.0,206767,844.0,12524.0,-8220.0,150291,-1400.0
1965Q1,-31461.0,-430.0,66011.0,2220.0,3736.0,18808.0,94189,93342,98088,664.0,206174,-1516.0,196.0,468.0,149649,3348.0
1965Q2,-7631.0,-1650.0,65778.0,6212.0,6396.0,12937.0,95668,94941,102188,-648.0,202972,-184.0,-11440.0,10792.0,149307,-788.0
1965Q3,-16498.0,973.0,68920.0,6796.0,6772.0,12788.0,97560,96634,103580,-12084.0,201452,24.0,-40.0,-12044.0,147797,2356.0
1965Q4,13659.0,227.0,70410.0,2868.0,2504.0,18234.0,98057,97260,110140,13100.0,207025,364.0,26088.0,-12988.0,146848,-1256.0
1966Q1,-30230.0,6582.0,79597.0,11236.0,11852.0,14196.0,101043,100223,112571,2760.0,206960,-616.0,3824.0,-1064.0,145827,2572.0
1966Q2,-18172.0,9133.0,82781.0,10780.0,10268.0,20393.0,103651,102790,118667,-12464.0,200411,512.0,-18208.0,5744.0,143830,-2592.0
1966Q3,-19553.0,9004.0,82601.0,11360.0,9732.0,13401.0,106689,105223,119911,948.0,202581,1628.0,35060.0,-34112.0,137235,-18196.0
1966Q4,-21208.0,10653.0,87570.0,10780.0,9004.0,7098.0,109096,107474,123831,13208.0,208138,1776.0,21028.0,-7820.0,137535,2708.0
1967Q1,-47195.0,9257.0,84490.0,15784.0,12572.0,11204.0,113294,110617,125363,8292.0,209601,3212.0,7596.0,696.0,137099,1708.0
1967Q2,-14587.0,2569.0,77249.0,17140.0,14476.0,8291.0,117478,114236,128543,-22656.0,199980,2664.0,-33428.0,10772.0,135835,-160.0
1967Q3,-17639.0,3768.0,79996.0,17296.0,18036.0,5084.0,122009,118745,127537,23656.0,208290,-740.0,-1596.0,25252.0,144544,20288.0
1967Q4,-5437.0,5179.0,85052.0,14060.0,13548.0,393.0,125166,122132,130087,25752.0,216899,512.0,24496.0,1256.0,147029,184.0
1968Q1,-40683.0,10145.0,85472.0,10908.0,10408.0,22940.0,128216,124734,134421,23556.0,222114,500.0,5720.0,17836.0,150814,5508.0
1968Q2,-20311.0,8653.0,87984.0,14308.0,14112.0,15997.0,131662,128262,138817,-3196.0,217294,196.0,-27440.0,24244.0,152854,-2808.0
1968Q3,-32354.0,7600.0,87546.0,18412.0,13204.0,12624.0,136491,131563,139638,16488.0,223989,5208.0,21356.0,-4868.0,154210,2016.0
1968Q4,-5011.0,8747.0,90123.0,12804.0,13848.0,21309.0,139274,135025,147531,-1728.0,225679,-1044.0,20932.0,-22660.0,150667,-12.0
1969Q1,-37445.0,13863.0,94925.0,14820.0,13748.0,18743.0,143342,138462,150756,2388.0,225552,1072.0,10140.0,-7752.0,148005,5116.0
1969Q2,-27863.0,14588.0,94951.0,13888.0,13188.0,24588.0,146673,141759,158106,-31884.0,213596,700.0,-36764.0,4880.0,145240,-4228.0
1969Q3,-36698.0,20404.0,100681.0,13664.0,11096.0,20001.0,150311,144533,160716,14400.0,219837,2568.0,22464.0,-8064.0,145865,3696.0
1969Q4,-28205.0,21632.0,97919.0,10256.0,10168.0,18562.0,152431,147075,167845,11284.0,224726,88.0,26396.0,-15112.0,144155,-1752.0
1970Q1,-43178.0,17731.0,92600.0,16872.0,12932.0,52883.0,157352,150308,182282,8188.0,227467,3940.0,12632.0,-4444.0,143738,6432.0
1970Q2,-21731.0,17747.0,97240.0,22888.0,23220.0,20256.0,163008,156113,189142,11076.0,221776,-332.0,-30300.0,41376.0,145622,976.0
1970Q3,-51971.0,20075.0,99409.0,21904.0,21440.0,6757.0,168834,161473,188953,23332.0,229196,464.0,18148.0,5184.0,148505,-1020.0
1970Q4,-15964.0,13800.0,90772.0,26064.0,23028.0,-604.0,174363,167230,191008,9136.0,237659,3036.0,28928.0,-19792.0,149736,-1236.0
1971Q1,-55029.0,16752.0,103469.0,24404.0,22228.0,8032.0,181120,172787,191040,2968.0,239296,2176.0,4216.0,-1248.0,150319,15868.0
1971Q2,-27451.0,10482.0,100226.0,16784.0,22428.0,15937.0,185270,178394,196660,40880.0,241212,-5724.0,-9200.0,50080.0,154535,-7376.0
1971Q3,-22452.0,10091.0,102307.0,14752.0,14068.0,20079.0,189398,181911,199256,28956.0,249957,552.0,7868.0,21088.0,161313,-2800.0
1971Q4,1638.0,1331.0,100185.0,17404.0,17820.0,4006.0,192699,186366,202548,22128.0,261392,-548.0,35444.0,-13316.0,163887,4960.0
1972Q1,-50693.0,6386.0,106202.0,16736.0,11528.0,29967.0,196912,189248,208000,-676.0,264601,5048.0,19464.0,-20140.0,162230,420.0
1972Q2,-15420.0,12317.0,114793.0,19164.0,15652.0,15682.0,201580,193161,214019,6012.0,257796,2844.0,-30892.0,36904.0,163148,-3340.0
1972Q3,-21945.0,12931.0,120083.0,9996.0,12308.0,27515.0,204465,196238,217403,13880.0,261550,-3004.0,6860.0,7020.0,165187,720.0
1972Q4,42986.0,13218.0,124679.0,9108.0,10440.0,36819.0,206450,198848,230383,24928.0,272428,-2004.0,30028.0,-5100.0,168558,7416.0
1973Q1,-46961.0,22302.0,136860.0,2560.0,6284.0,68846.0,207245,200419,243383,14204.0,279503,-5008.0,4484.0,9720.0,174512,2480.0
1973Q2,-45958.0,25945.0,137413.0,15948.0,12748.0,61438.0,211128,203606,257993,5400.0,272356,1060.0,-19720.0,25120.0,172295,-5348.0
1973Q3,-55151.0,25146.0,139659.0,12708.0,10792.0,80690.0,214618,206304,271586,-9644.0,270401,-40.0,-1196.0,-8448.0,170639,3188.0
1973Q4,-14577.0,35900.0,153059.0,20000.0,8552.0,56400.0,219254,208442,287062,5728.0,276350,9644.0,32096.0,-26368.0,168564,5348.0
1974Q1,-74177.0,37522.0,152960.0,19064.0,15228.0,47635.0,224325,212249,295847,-6272.0,278582,2192.0,16292.0,-22564.0,166723,-796.0
1974Q2,-61980.0,54735.0,168825.0,26428.0,21568.0,46024.0,230873,217641,309818,9120.0,271853,3164.0,-27360.0,36480.0,166834,2524.0
1974Q3,20707.0,39422.0,149570.0,27380.0,16660.0,25206.0,237971,221806,312848,17780.0,251769,9396.0,24320.0,-6540.0,140670,12196.0
1974Q4,-68531.0,57670.0,176549.0,29424.0,25724.0,16200.0,244828,228237,320393,23324.0,261883,1772.0,34588.0,-11264.0,142137,-6996.0
1975Q1,-23164.0,517.0,128029.0,42760.0,36936.0,-24879.0,255988,237471,312366,49080.0,278231,4104.0,16904.0,32176.0,154259,11496.0
1975Q2,-38034.0,-14057.0,127160.0,26012.0,32296.0,-17878.0,262522,245545,310171,104604.0,294758,-9528.0,18388.0,86216.0,166189,-792.0
1975Q3,-49789.0,-11450.0,142957.0,16144.0,13920.0,-48.0,266725,249025,306529,91052.0,319044,-180.0,56936.0,34116.0,176241,13648.0
1975Q4,-32979.0,-13026.0,146861.0,19556.0,22508.0,-5384.0,270946,254652,309037,82740.0,343752,-5984.0,58720.0,24020.0,186269,516.0
1976Q1,-13453.0,-2504.0,168552.0,29400.0,25492.0,1700.0,278936,261025,303888,70608.0,365380,2680.0,22628.0,47980.0,202240,5896.0
1976Q2,-19985.0,15196.0,182954.0,24744.0,19904.0,17605.0,285306,266001,310666,70956.0,372629,2832.0,-7768.0,78724.0,211431,1920.0
1976Q3,-78674.0,14833.0,185623.0,21816.0,22704.0,25381.0,290926,271677,313258,57000.0,388895,-4380.0,1228.0,55772.0,227390,10628.0
1976Q4,-80808.0,12422.0,183798.0,30456.0,22644.0,21921.0,297550,277338,322692,39676.0,402836,4600.0,9948.0,29728.0,238844,2304.0
1977Q1,-41528.0,17473.0,195605.0,27120.0,21504.0,36160.0,306725,282714,329223,39032.0,417402,732.0,1088.0,37944.0,253138,10324.0
1977Q2,-27934.0,8448.0,203670.0,24396.0,14676.0,37300.0,313376,286383,341282,27216.0,413050,1116.0,-36800.0,64016.0,257986,372.0
1977Q3,-53556.0,16250.0,224494.0,31532.0,24436.0,36839.0,321380,292492,346879,56592.0,429469,560.0,4108.0,52484.0,273378,-5028.0
1977Q4,-49163.0,17226.0,221105.0,41420.0,30616.0,55142.0,330331,300146,364205,49376.0,445890,4148.0,19960.0,29416.0,284809,12972.0
1978Q1,-50656.0,31156.0,234675.0,22044.0,17440.0,73810.0,336927,304506,376304,38484.0,461467,-696.0,18284.0,20200.0,295815,12536.0
1978Q2,-84522.0,29626.0,255029.0,33916.0,25608.0,46285.0,346165,310908,390920,54160.0,462538,-236.0,-23580.0,77740.0,302781,7928.0
1978Q3,-67001.0,28777.0,256615.0,30776.0,20704.0,27887.0,354093,316084,394490,39380.0,474270,1356.0,4716.0,34664.0,313334,-3592.0
1978Q4,-67303.0,46355.0,279940.0,38528.0,20092.0,43311.0,361647,321107,407962,-3028.0,478139,10340.0,3244.0,-6272.0,316392,14980.0
1979Q1,-75135.0,48953.0,283832.0,29500.0,17392.0,65732.0,370486,325455,422267,9796.0,487732,2808.0,14848.0,-5052.0,322273,8932.0
1979Q2,-55606.0,53265.0,290696.0,37948.0,21240.0,48569.0,381010,330765,437653,51748.0,487581,7448.0,-22276.0,74024.0,327691,-1000.0
1979Q3,-72071.0,50044.0,289813.0,37220.0,15120.0,50856.0,390698,334545,447273,47284.0,498750,11524.0,5952.0,41332.0,337372,-632.0
1979Q4,-100377.0,59419.0,301184.0,40484.0,15376.0,33970.0,397935,338389,457047,43032.0,516104,14296.0,45064.0,-2032.0,343460,7608.0
1980Q1,-167743.0,75886.0,311364.0,45336.0,23832.0,43411.0,412546,344347,466000,69020.0,540619,13028.0,72544.0,-3524.0,349839,16368.0
1980Q2,-131423.0,79280.0,303322.0,68952.0,44916.0,-35355.0,431934,355576,452178,129144.0,553831,12528.0,-24384.0,153528.0,369147,5980.0
1980Q3,-79582.0,38100.0,281834.0,20772.0,29144.0,26801.0,437794,362862,457795,95804.0,582379,-19248.0,60592.0,35212.0,382547,-344.0
1980Q4,-174059.0,55732.0,320240.0,34988.0,12828.0,72610.0,439987,366069,482680,80332.0,609679,9564.0,65088.0,15244.0,393575,-3748.0
1981Q1,-100599.0,75220.0,354817.0,36988.0,24332.0,29894.0,452914,372152,487053,119492.0,646299,524.0,76444.0,43048.0,411084,13180.0
1981Q2,-72175.0,51302.0,345319.0,61496.0,30408.0,103375.0,470467,379754,509685,73060.0,646256,15212.0,-65716.0,138776.0,427470,248.0
1981Q3,-151643.0,78539.0,393216.0,52800.0,18044.0,98708.0,484375,384265,532673,69860.0,668124,22216.0,18408.0,51452.0,444736,-1548.0
1981Q4,-65550.0,69775.0,384282.0,60440.0,26432.0,56177.0,492918,390873,548772,121748.0,705719,20832.0,86508.0,35240.0,460704,-808.0
1982Q1,-113075.0,31248.0,340954.0,59112.0,31624.0,63499.0,511578,398779,561099,125056.0,738577,12928.0,44788.0,80268.0,482365,12004.0
1982Q2,-90036.0,13712.0,348107.0,31740.0,20384.0,89034.0,521903,403875,580764,96856.0,749688,-1940.0,-820.0,97676.0,493681,-436.0
1982Q3,-45992.0,12982.0,345118.0,37772.0,31904.0,80142.0,532166,411851,591189,226180.0,809587,-11340.0,87572.0,138608.0,531687,896.0
1982Q4,4601.0,-12812.0,309076.0,30048.0,38688.0,-9854.0,533603,421523,599457,206432.0,869350,-24148.0,135680.0,70752.0,557530,-1252.0
1983Q1,-11817.0,-22598.0,308055.0,38912.0,24800.0,-3943.0,545830,427723,617971,247000.0,925470,4296.0,80256.0,166744.0,593586,14332.0
1983Q2,-28086.0,11179.0,357276.0,35044.0,44500.0,59672.0,557500,438848,630082,206132.0,966482,-20988.0,9660.0,196472.0,632183,384.0
1983Q3,-104622.0,26033.0,381544.0,30856.0,18492.0,98179.0,565894,443471,645342,178884.0,1010312,4072.0,25736.0,153148.0,669579,11108.0
1983Q4,-133336.0,35423.0,404084.0,33528.0,16180.0,85074.0,568188,447516,682020,69576.0,1044748,9264.0,12328.0,57248.0,700933,33980.0
1984Q1,-92274.0,59362.0,451915.0,58092.0,34520.0,119756.0,584561,456146,710826,227392.0,1092278,15572.0,25660.0,201732.0,742048,-28720.0
1984Q2,-61228.0,72995.0,470880.0,74152.0,35428.0,159931.0,606582,465003,748924,155108.0,1121406,29848.0,-27792.0,182900.0,778124,-3404.0
1984Q3,82873.0,74826.0,482581.0,96708.0,56840.0,95951.0,630042,479213,764807,219348.0,1172606,30412.0,54064.0,165284.0,815808,17104.0
1984Q4,129295.0,48913.0,469637.0,139160.0,72296.0,93416.0,660216,497287,802882,150124.0,1232741,11028.0,70284.0,79840.0,858372,-16760.0
1985Q1,-92426.0,15090.0,437557.0,96960.0,74708.0,63720.0,685075,515964,806550,214784.0,1277088,15452.0,20432.0,194352.0,897611,30564.0
1985Q2,-69197.0,33116.0,452997.0,120680.0,89268.0,38919.0,717806,538281,815047,166856.0,1310253,13412.0,9580.0,157276.0,928381,-6676.0
1985Q3,-80466.0,1758.0,445020.0,107448.0,77052.0,55983.0,742619,557544,821711,173852.0,1348328,8796.0,9392.0,164460.0,964108,9836.0
1985Q4,-9657.0,41659.0,463883.0,159180.0,94448.0,98506.0,780402,581156,864686,217204.0,1425915,20732.0,62692.0,154512.0,1026022,-16984.0
1986Q1,-9414.0,50657.0,462025.0,118412.0,144228.0,60730.0,810766,617213,878670,155892.0,1461722,-13816.0,-26884.0,182776.0,1068550,29368.0
1986Q2,-5857.0,53385.0,452304.0,130296.0,158788.0,91662.0,846331,656910,902549,167732.0,1488154,-15404.0,13912.0,153820.0,1091504,-13672.0
1986Q3,-9540.0,21983.0,419027.0,135256.0,115264.0,107266.0,878036,685726,917434,263804.0,1553259,24936.0,56320.0,207484.0,1142529,12100.0
1986Q4,-69295.0,33346.0,421952.0,62600.0,105256.0,216847.0,892043,712040,982938,143652.0,1608685,-33084.0,63796.0,79856.0,1182006,-21888.0
1987Q1,11731.0,45319.0,446396.0,100020.0,101696.0,-13479.0,918406,737464,1002056,62940.0,1624673,-4124.0,-81940.0,144880.0,1218479,29264.0
1987Q2,-66257.0,27910.0,445332.0,78400.0,78480.0,92760.0,941146,757084,1028256,160724.0,1646764,4920.0,-60580.0,221304.0,1255715,16556.0
1987Q3,-36382.0,-2810.0,435297.0,97320.0,88916.0,115896.0,963518,779313,1046045,71976.0,1663907,8032.0,-51144.0,123120.0,1285644,22760.0
1987Q4,-73689.0,57764.0,495427.0,63572.0,67480.0,160631.0,986175,796183,1085339,116148.0,1711632,-2432.0,44936.0,71212.0,1322135,880.0
1988Q1,-72942.0,-7998.0,456663.0,82476.0,103524.0,140724.0,1011324,822064,1115256,129184.0,1743989,-21596.0,12600.0,116584.0,1351342,23556.0
1988Q2,-44465.0,13679.0,475664.0,134364.0,125948.0,87533.0,1047566,853551,1138667,120440.0,1755942,7540.0,-41420.0,161860.0,1373650,5308.0
1988Q3,-8060.0,29990.0,483094.0,117052.0,100064.0,104485.0,1074802,878567,1143546,124120.0,1786803,17188.0,64636.0,59484.0,1388352,9172.0
1988Q4,27090.0,15978.0,500381.0,132604.0,88588.0,121130.0,1102799,900714,1186963,77460.0,1824433,44500.0,62076.0,15384.0,1410463,624.0
1989Q1,5612.0,73348.0,513824.0,74661.0,60596.0,116590.0,1127636,915863,1222755,126228.0,1856155,15704.0,12200.0,114028.0,1439135,21099.0
1989Q2,-114173.0,66825.0,515136.0,125132.0,86436.0,112775.0,1162621,937472,1250364,94812.0,1861784,42244.0,-79804.0,174616.0,1464715,-16579.0
1989Q3,-133943.0,57093.0,514114.0,85854.0,63980.0,29697.0,1181428,953467,1252170,124184.0,1892480,23056.0,38112.0,86072.0,1485883,10120.0
1989Q4,-214594.0,75652.0,525065.0,94825.0,87392.0,30809.0,1197917,975315,1284118,127108.0,1942516,4740.0,96204.0,30904.0,1511868,-9384.0
1990Q1,-73655.0,85448.0,530365.0,67846.0,26748.0,125848.0,1222979,982002,1316097,46896.0,1955020,41884.0,89716.0,-42820.0,1501943,29894.0
1990Q2,-111735.0,93148.0,556397.0,63301.0,67312.0,89482.0,1242767,998830,1336468,192820.0,1985110,-3956.0,1712.0,191108.0,1531605,-26802.0
1990Q3,-91587.0,110816.0,552055.0,52725.0,27096.0,52947.0,1252441,1005604,1346388,237992.0,2043898,26388.0,115796.0,122196.0,1561444,5881.0
1990Q4,-166814.0,69225.0,513212.0,42276.0,67380.0,40300.0,1254454,1022449,1359440,221012.0,2117196,-25356.0,179844.0,41168.0,1589781,-7469.0
1991Q1,-110315.0,41150.0,511260.0,53725.0,78160.0,-108025.0,1276700,1041989,1330703,180826.0,2165271,-25188.0,23388.0,157438.0,1632009,36402.0
1991Q2,14758.0,29535.0,508107.0,87066.0,95568.0,-87137.0,1300855,1065881,1309833,237698.0,2204987,-10220.0,-46872.0,284570.0,1683443,-10324.0
1991Q3,-70572.0,47440.0,531271.0,45024.0,80164.0,-102757.0,1308215,1085922,1280717,400801.0,2308289,-34320.0,172180.0,228621.0,1743700,22339.0
1991Q4,-228850.0,66870.0,544431.0,50661.0,60760.0,-150094.0,1313573,1101112,1242873,274612.0,2390681,-3772.0,103200.0,171412.0,1800292,-3293.0
1992Q1,-566673.0,26897.0,516181.0,98916.0,80036.0,-79820.0,1345889,1121121,1232427,318500.0,2473821,16000.0,101716.0,216784.0,1858003,30755.0
1992Q2,-84370.0,62051.0,553415.0,71605.0,74096.0,-71186.0,1366738,1139645,1214015,307494.0,2532517,-5048.0,9600.0,297894.0,1914299,-2762.0
1992Q3,-152239.0,45756.0,563862.0,63545.0,61660.0,-21161.0,1379380,1155060,1198020,330030.0,2606080,-2472.0,64276.0,265754.0,1971793,41314.0
1992Q4,-141657.0,75178.0,582700.0,88827.0,55380.0,-91794.0,1394296,1168905,1180053,213292.0,2683010,26036.0,93496.0,119796.0,2025349,8156.0
1993Q1,13656.0,94597.0,604159.0,228203.0,231748.0,-123714.0,1460069,1226842,1158936,177138.0,2737390,-9346.0,8864.0,168274.0,2077513,30744.0
1993Q2,-21926.0,73290.0,605856.0,214773.0,182272.0,-64716.0,1517140,1272410,1143393,284530.0,2786667,27950.0,-2388.0,286918.0,2127387,3505.0
1993Q3,30139.0,48864.0,600578.0,194497.0,174812.0,-24988.0,1562042,1316113,1126565,217186.0,2829297,11562.0,-3596.0,220782.0,2170916,41610.0
1993Q4,-2322.0,52440.0,622278.0,157951.0,140228.0,-40829.0,1593863,1351170,1128236,236750.0,2911911,9882.0,225000.0,11750.0,2197280,-2139.0
1994Q1,-51133.0,31634.0,643798.0,167990.0,143904.0,55876.0,1643978,1387146,1156914,70435.0,2964629,13600.0,26060.0,44375.0,2243483,25471.0
1994Q2,-8952.0,71918.0,687612.0,102278.0,86668.0,83195.0,1673960,1408813,1174283,241460.0,2971742,6656.0,-90800.0,332260.0,2273296,1550.0
1994Q3,31649.0,45400.0,678778.0,86526.0,56056.0,110224.0,1691955,1422827,1190883,172308.0,3011491,27040.0,-4604.0,176912.0,2314196,36183.0
1994Q4,181051.0,85837.0,738440.0,113538.0,70768.0,87124.0,1711446,1440519,1218687,164465.0,3074079,38340.0,145832.0,18633.0,2340326,-1228.0
1995Q1,-142562.0,108956.0,763152.0,52335.0,48452.0,184009.0,1734179,1452632,1267354,136533.0,3147620,2961.0,90776.0,45757.0,2391173,8574.0
1995Q2,-115587.0,87645.0,760784.0,136212.0,100144.0,127945.0,1773316,1477668,1296470,374811.0,3172695,32761.0,-32580.0,407391.0,2424393,-2394.0
1995Q3,-132733.0,84429.0,781423.0,59475.0,38576.0,80022.0,1784090,1487312,1306641,108531.0,3199633,18937.0,-23360.0,131891.0,2457171,19011.0
1995Q4,-94821.0,48503.0,759105.0,96567.0,72688.0,45373.0,1797593,1505484,1343830,75121.0,3247828,17793.0,72872.0,2249.0,2487148,6569.0
1996Q1,51076.0,21314.0,758409.0,116425.0,90008.0,61326.0,1837097,1527986,1352927,185933.0,3326813,25793.0,204956.0,-19023.0,2514894,-1346.0
1996Q2,-152578.0,44042.0,788306.0,122904.0,105624.0,115190.0,1873228,1554392,1376514,206592.0,3302754,9037.0,-153228.0,359820.0,2529142,-6482.0
1996Q3,-9132.0,78756.0,828378.0,48889.0,65104.0,132748.0,1880751,1570668,1400680,167546.0,3344692,-14515.0,-49520.0,217066.0,2583460,31345.0
1996Q4,-240692.0,89087.0,854969.0,78535.0,97428.0,18369.0,1889281,1595025,1413321,-2912.0,3387118,-24099.0,64728.0,-67640.0,2609704,-2801.0
1997Q1,-89296.0,85581.0,880918.0,124631.0,114644.0,104645.0,1931085,1623686,1450526,55999.0,3433093,7017.0,32576.0,23423.0,2647535,20999.0
1997Q2,-447369.0,151374.0,958369.0,173087.0,148132.0,126379.0,1979805,1660719,1476830,61558.0,3361985,20541.0,-325692.0,387250.0,2657850,22812.0
1997Q3,-186028.0,110125.0,942304.0,243330.0,222432.0,174270.0,2034658,1716327,1507526,22988.0,3369532,14701.0,-8904.0,31892.0,2667623,28701.0
1997Q4,-254176.0,125138.0,947286.0,92292.0,76624.0,224343.0,2046083,1735483,1577456,-136944.0,3388018,12645.0,53940.0,-190884.0,2672624,60900.0
1998Q1,-475776.0,215723.0,990730.0,375995.0,316524.0,83050.0,2151561,1814614,1601290,-89216.0,3399328,51068.0,18732.0,-107948.0,2679251,1991.0
1998Q2,-328046.0,174622.0,962832.0,367802.0,357892.0,154580.0,2252070,1904087,1636380,12551.0,3302345,3760.0,-315852.0,328403.0,2661231,6945.0
1998Q3,338855.0,158088.0,976478.0,199218.0,108476.0,212718.0,2295087,1931206,1678377,-200033.0,3265085,85568.0,-13864.0,-186169.0,2627437,44497.0
1998Q4,-148936.0,193912.0,997737.0,110565.0,150204.0,284531.0,2309478,1968757,1761129,-107174.0,3292049,-42956.0,213352.0,-320526.0,2601063,41591.0
1999Q1,-109822.0,197689.0,1039113.0,280723.0,215720.0,195138.0,2395716,2022687,1813228,-102981.0,3298489,58321.0,138124.0,-241105.0,2572972,30293.0
1999Q2,-114702.0,172934.0,1022052.0,246580.0,245040.0,27413.0,2466609,2083947,1816536,-52554.0,3187031,-2643.0,-310692.0,258138.0,2539187,61544.0
1999Q3,244854.0,212923.0,1060814.0,326417.0,270688.0,154967.0,2542876,2151619,1878781,-118292.0,3172959,49757.0,21284.0,-139576.0,2519794,36782.0
1999Q4,-622093.0,282688.0,1102417.0,144636.0,97184.0,112844.0,2559067,2175915,1918143,-9989.0,3221095,44037.0,335612.0,-345601.0,2484027,47689.0
2000Q1,-362008.0,284040.0,1098793.0,211665.0,177184.0,272394.0,2634270,2220211,1977085,-205502.0,3201973,29752.0,64880.0,-270382.0,2448685,-4451.0
2000Q2,-243935.0,372193.0,1183649.0,240416.0,130680.0,198188.0,2703105,2252881,2029489,-420965.0,3014524,110448.0,-493440.0,72475.0,2384596,40132.0
2000Q3,-116553.0,365992.0,1174572.0,219829.0,161092.0,20116.0,2754130,2293154,2026030,-295525.0,2970228,56128.0,-55016.0,-240509.0,2354054,82997.0
2000Q4,706618.0,379744.0,1167031.0,97302.0,102508.0,143682.0,2751370,2318781,2076735,-183259.0,2944782,-4024.0,122724.0,-305983.0,2297927,7385.0
2001Q1,133258.0,270566.0,1082730.0,214086.0,408720.0,-124126.0,2811249,2420961,2038030,-4839.0,2964368,-199164.0,260708.0,-265547.0,2252336,30446.0
2001Q2,-510316.0,223813.0,1078047.0,350715.0,478312.0,-17347.0,2902611,2540539,2038050,-424352.0,2804731,-131524.0,-367952.0,-56400.0,2184687,58650.0
2001Q3,683902.0,168676.0,1034229.0,102092.0,143792.0,34185.0,2922464,2576487,2037687,269578.0,2883903,-44424.0,459248.0,-189670.0,2149047,39932.0
2001Q4,-502602.0,168978.0,948946.0,219559.0,174108.0,-146371.0,2955427,2620014,2013908,143654.0,2940792,42632.0,305432.0,-161778.0,2129578,17528.0
2002Q1,-165893.0,89934.0,979906.0,91014.0,169024.0,-29296.0,2982753,2662270,1994824,13174.0,2994298,-77770.0,92656.0,-79482.0,2159920,65797.0
2002Q2,402931.0,70675.0,985282.0,73854.0,132612.0,-82175.0,2995194,2695423,1983092,367110.0,3012323,-56842.0,-47756.0,414866.0,2189884,47450.0
2002Q3,547356.0,15107.0,973134.0,-89209.0,-45180.0,71802.0,2979716,2684128,1990474,342362.0,3096826,-47790.0,183124.0,159238.0,2228606,37467.0
2002Q4,-490461.0,-18614.0,970512.0,-239.0,38876.0,33282.0,2974282,2693847,2012314,241049.0,3181716,-49250.0,82084.0,158965.0,2292975,-18222.0
2003Q1,235187.0,-32821.0,967636.0,12856.0,35900.0,-25264.0,2983421,2702822,1995901,179299.0,3293980,-30619.0,265108.0,-85809.0,2338962,37194.0
2003Q2,-282753.0,23546.0,967817.0,112048.0,183156.0,-113550.0,3011499,2748611,1983776,632748.0,3356764,-62402.0,-109056.0,741804.0,2429010,21477.0
2003Q3,-206067.0,-18592.0,990050.0,111846.0,120908.0,50994.0,3045334,2778838,1974191,331469.0,3438700,-15742.0,-38232.0,369701.0,2520504,8959.0
2003Q4,-443362.0,24995.0,1036436.0,-2304.0,30644.0,-73993.0,3032894,2786499,1989149,344948.0,3553832,-40566.0,42288.0,302660.0,2625064,8801.0
2004Q1,113372.0,-20342.0,1029954.0,104874.0,42784.0,97753.0,3085269,2797195,2003245,267139.0,3702839,11786.0,224688.0,42451.0,2717899,40897.0
2004Q2,173185.0,-30036.0,1074039.0,-50094.0,-71780.0,104957.0,3080490,2779250,2039620,599026.0,3736774,18846.0,-152724.0,751750.0,2790015,26371.0
2004Q3,247982.0,-54046.0,1105405.0,5534.0,-2996.0,255516.0,3087514,2778501,2079848,327262.0,3822244,-7522.0,58760.0,268502.0,2860795,33353.0
2004Q4,-256440.0,159025.0,1149450.0,51774.0,13088.0,257634.0,3084961,2781773,2168117,270949.0,3919926,38094.0,158960.0,111989.0,2918737,31447.0
2005Q1,32040.0,61977.0,1218504.0,40843.0,-19972.0,234022.0,3097143,2776780,2207769,262670.0,4062682,29647.0,218304.0,44366.0,3006917,29868.0
2005Q2,112783.0,-122976.0,1178555.0,-61961.0,-58908.0,355691.0,3095087,2762053,2300857,254455.0,3992064,-34105.0,-542968.0,797423.0,3072041,24414.0
2005Q3,315857.0,-276232.0,1196325.0,34199.0,-13624.0,122557.0,3109126,2758647,2327281,92030.0,4044797,-12785.0,-38800.0,130830.0,3134474,18690.0
2005Q4,163304.0,-364567.0,1280042.0,16759.0,-25084.0,387569.0,3092421,2752376,2443072,283374.0,4143058,-13601.0,201512.0,81862.0,3182357,-588.0
2006Q1,237597.0,31617.0,1320820.0,74631.0,48348.0,393471.0,3118338,2764463,2506061,361010.0,4297584,-22765.0,313340.0,47670.0,3258548,96507.0
2006Q2,258443.0,75691.0,1355989.0,172055.0,112508.0,262883.0,3178229,2792590,2575052,215605.0,4211505,22939.0,-500932.0,716537.0,3297702,17585.0
2006Q3,225299.0,88953.0,1387635.0,88023.0,61592.0,88396.0,3200336,2807988,2603133,-34493.0,4257879,-21481.0,-21316.0,-13177.0,3349405,-16633.0
2006Q4,31904.0,244888.0,1424069.0,282571.0,88860.0,286179.0,3246740,2830203,2701858,75890.0,4297561,111091.0,129192.0,-53302.0,3356789,18345.0
2007Q1,145854.0,121555.0,1371122.0,228326.0,136424.0,274105.0,3309037,2864309,2749898,309502.0,4423714,18942.0,158218.0,151284.0,3394605,7944.0
2007Q2,220940.0,146109.0,1426262.0,334806.0,203496.0,457291.0,3416601,2915183,2858782,-18595.0,4294495,40938.0,-159586.0,140991.0,3428827,38484.0
2007Q3,169329.0,258105.0,1445636.0,122598.0,89424.0,700131.0,3428245,2937539,3042112,168889.0,4403060,-30646.0,47196.0,121693.0,3448453,-3560.0
2007Q4,662946.0,230731.0,1462013.0,190238.0,114488.0,439844.0,3465732,2966161,3176205,324716.0,4493689,15954.0,189271.0,135445.0,3494142,628.0
2008Q1,-455073.0,256135.0,1447402.0,168861.0,77656.0,331437.0,3511339,2985575,3247823,609329.0,4691656,42873.0,472923.0,136406.0,3537777,-58084.0
2008Q2,-639300.0,269728.0,1460724.0,324361.0,303828.0,151766.0,3614518,3061532,3277644,281469.0,4656134,-77271.0,-45127.0,326596.0,3600437,-164592.0
2008Q3,-258061.0,81041.0,1438560.0,186533.0,54076.0,118201.0,3649207,3075051,3302620,1944449.0,5192997,62833.0,1600797.0,343652.0,3708665,4412.0
2008Q4,-580433.0,58077.0,1355659.0,108385.0,62184.0,-259780.0,3662767,3090597,3256636,2218218.0,5757055,2217.0,1417966.0,800252.0,3895868,-2824.0
2009Q1,1006385.0,-76285.0,1152821.0,280483.0,387116.0,-540858.0,3742417,3187376,3117739,1641388.0,6227207,-138777.0,395599.0,1245789.0,4199516,65608.0
2009Q2,24300.0,-190594.0,1029948.0,159075.0,260800.0,-424941.0,3797691,3252576,3010753,1769931.0,6571808,-132785.0,215405.0,1554526.0,4571350,656572.0
2009Q3,212946.0,-255967.0,1005402.0,137679.0,90772.0,-722658.0,3815164,3275269,2828039,1546804.0,6968783,2027.0,-59806.0,1606610.0,4982610,450776.0
2009Q4,718477.0,-220820.0,1152406.0,138987.0,120120.0,-455962.0,3841823,3305299,2636187,944413.0,7232689,-22733.0,-844294.0,1788707.0,5444776,29712.0
2010Q1,419319.0,-223344.0,1191534.0,283158.0,193784.0,-521414.0,3914679,3353745,2532284,1651388.0,7714997,50254.0,-97072.0,1748460.0,5876977,468.0
2010Q2,506094.0,-227379.0,1280011.0,194594.0,103360.0,-434562.0,3959588,3379585,2422825,1804540.0,8059428,62710.0,254417.0,1550123.0,6282396,1136.0
2010Q3,-64393.0,-188190.0,1389168.0,350406.0,283900.0,-165856.0,4048523,3450560,2378529,1631372.0,8457152,43766.0,39797.0,1591575.0,6673477,138720.0
2010Q4,200807.0,-118964.0,1380314.0,160082.0,175916.0,-75865.0,4088883,3494539,2286919,1272596.0,8822662,-58658.0,-273071.0,1545667.0,7053731,839296.0
2011Q1,-21937.0,-105915.0,1347308.0,166911.0,129472.0,-60314.0,4151316,3526907,2260692,775208.0,9090815,25799.0,-591785.0,1366993.0,7396123,1275812.0
2011Q2,415683.0,-163173.0,1419684.0,284595.0,230208.0,139699.0,4209994,3584459,2292940,1296920.0,9295140,49535.0,-137613.0,1434533.0,7765723,1116368.0
2011Q3,582202.0,-206141.0,1420839.0,208903.0,169824.0,187371.0,4269004,3626915,2336859,1196404.0,9588341,29663.0,-207734.0,1404138.0,8112784,180488.0
2011Q4,-1459854.0,-68527.0,1557142.0,200619.0,163836.0,241827.0,4304140,3667874,2410384,1065160.0,9906085,28519.0,-60745.0,1125905.0,8386623,-4856.0
2012Q1,-755734.0,-67633.0,1601116.0,339635.0,342744.0,-125459.0,4402215,3753560,2361743,1306876.0,10306692,-7933.0,338191.0,968685.0,8634085,54124.0
2012Q2,660067.0,-56806.0,1651125.0,315627.0,256152.0,-34908.0,4481688,3817598,2355880,1268212.0,10490548,29035.0,217179.0,1051033.0,8896121,59752.0
2012Q3,-505185.0,-6728.0,1647514.0,416959.0,444040.0,122456.0,4595527,3928608,2379400,947128.0,10723156,-35469.0,75294.0,871834.0,9110130,74220.0
2012Q4,-1192628.0,37375.0,1600604.0,570247.0,489304.0,172342.0,4714756,4050934,2479228,965220.0,11027944,70455.0,-202592.0,1167812.0,9401464,121240.0
2013Q1,-85024.0,-102328.0,1635685.0,216021.0,184688.0,55749.0,4773716,4097106,2483521,1099148.0,11373129,20061.0,372795.0,726353.0,9584971,564896.0
2013Q2,-331851.0,-129569.0,1625759.0,241145.0,258956.0,326458.0,4849492,4161845,2569882,584184.0,11368166,-20119.0,-329507.0,913691.0,9800090,587324.0
2013Q3,19896.0,63357.0,1701823.0,563765.0,474892.0,141011.0,4988511,4280568,2592191,779748.0,11563589,92001.0,-174038.0,953786.0,10035680,524840.0
2013Q4,193073.0,-20608.0,1741424.0,212625.0,250028.0,262379.0,5023145,4343075,2664166,761892.0,11834187,-35215.0,-12917.0,774809.0,10243624,523924.0
2014Q1,180039.0,149965.0,1744314.0,361244.0,289832.0,134466.0,5130803,4415533,2689746,814732.0,12098504,74548.0,-50188.0,864920.0,10448271,416184.0
2014Q2,-362315.0,124450.0,1846758.0,408596.0,365932.0,57910.0,5227604,4507016,2710971,442348.0,12047511,57376.0,-468718.0,911066.0,10661109,309348.0
2014Q3,-114655.0,25003.0,1899279.0,233256.0,209220.0,285309.0,5299648,4559771,2764483,806248.0,12255772,21728.0,56939.0,749309.0,10846144,197380.0
2014Q4,-1309476.0,32431.0,1885076.0,402864.0,390700.0,306184.0,5375085,4657446,2860026,523340.0,12480854,-3648.0,-73517.0,596857.0,11024162,24316.0
2015Q1,-619612.0,180373.0,1957918.0,431394.0,466560.0,326150.0,5504119,4774086,2921248,279608.0,12606703,-58802.0,-229463.0,509071.0,11130163,-22752.0
2015Q2,-28832.0,283903.0,2051952.0,646106.0,675856.0,238462.0,5671155,4943050,2988768,958288.0,12670654,-50826.0,302385.0,655903.0,11277492,-10160.0
2015Q3,718998.0,125499.0,1912529.0,468922.0,379648.0,56956.0,5791301,5037962,2981321,498972.0,12812842,72694.0,-211085.0,710057.0,11457611,-11920.0
2015Q4,-653501.0,179705.0,1881475.0,235018.0,213672.0,281583.0,5820444,5091380,3050420,1015700.0,13168996,24954.0,355515.0,660185.0,11657966,-17428.0
2016Q1,-59752.0,117170.0,1856474.0,605768.0,564384.0,175094.0,5971248,5232476,3088784,747912.0,13407102,24868.0,107551.0,640361.0,11792724,-16772.0
2016Q2,231552.0,218547.0,1875281.0,381524.0,341888.0,-166180.0,6069716,5317948,3053973,663088.0,13391647,5580.0,236113.0,426975.0,11886660,-11684.0
2016Q3,-112447.0,104624.0,1842858.0,218688.0,330300.0,136444.0,6147846,5400523,3063580,800740.0,13621965,-142476.0,471231.0,329509.0,11977206,-10292.0
2016Q4,-488823.0,236824.0,1908019.0,99188.0,-30864.0,-234940.0,6146735,5392807,3023441,633164.0,13880222,119092.0,403653.0,229511.0,12064555,-14268.0
2017Q1,256154.0,101242.0,1883841.0,528272.0,510992.0,-89535.0,6290267,5520555,3061699,-70928.0,13923005,11404.0,-527103.0,456175.0,12168187,-9928.0
2017Q2,139494.0,164672.0,1922757.0,381920.0,322344.0,209405.0,6379980,5601141,3117591,964168.0,13965794,32540.0,522676.0,441492.0,12249965,-9784.0
2017Q3,672765.0,95463.0,1980170.0,379744.0,319668.0,24049.0,6466209,5681058,3100259,576408.0,14156063,68816.0,229218.0,347190.0,12356493,-10624.0
2017Q4,123290.0,1088412.0,2018478.0,223384.0,181284.0,175783.0,6525065,5726379,3241161,747820.0,14434589,-9212.0,322626.0,425194.0,12482068,-56420.0
2018Q1,412687.0,-725285.0,2076315.0,352246.0,275580.0,87966.0,6626625,5795274,3260656,1553596.0,14894690,84702.0,1064197.0,489399.0,12610273,-129304.0
2018Q2,419831.0,-406232.0,2082603.0,51650.0,27156.0,211592.0,6635704,5802063,3639346,1005728.0,14933718,21530.0,163703.0,842025.0,12776306,-198744.0
2018Q3,-926341.0,59746.0,2183176.0,266458.0,279372.0,238590.0,6682997,5871906,3676934,928288.0,15227623,-3754.0,210639.0,717649.0,12988150,-271916.0
2018Q4,-187767.0,-287927.0,2186559.0,3882.0,141728.0,511139.0,6693624,5907338,3829982,1038896.0,15566216,-143290.0,108873.0,930023.0,13226842,-373120.0
2019Q1,-765833.0,76002.0,2219998.0,486851.0,383220.0,474446.0,6837210,6003143,3931688,936548.0,15888708,87811.0,304980.0,631568.0,13409301,-197984.0
2019Q2,439619.0,1416.0,2212430.0,298707.0,352684.0,285149.0,6924963,6091314,3986888,907480.0,15884286,-61641.0,-248212.0,1155692.0,13633932,-270744.0
2019Q3,933026.0,-46002.0,2209694.0,448619.0,439424.0,458473.0,7016525,6201170,4068345,1382008.0,16303690,-10389.0,369236.0,1012772.0,13927320,-17512.0
2019Q4,281254.0,-85539.0,2152261.0,52551.0,51732.0,270822.0,7015305,6214103,4150298,1024728.0,16628907,-23529.0,-117832.0,1142560.0,14212490,208964.0
2020Q1,793133.0,-47821.0,2077261.0,772380.0,775408.0,2319398.0,7261329,6407955,4727809,1708828.0,17115829,-21428.0,723827.0,985001.0,14458740,3452392.0
2020Q2,-1012629.0,-186357.0,1713840.0,1663128.0,1934112.0,251310.0,7669588,6891483,4783265,11666976.0,19867035,-271256.0,10349130.0,1317846.0,14788202,4134532.0
2020Q3,1255450.0,-300235.0,2142511.0,244968.0,297720.0,-621344.0,7701634,6965913,4608636,1744108.0,20340181,-70608.0,-351299.0,2095407.0,15312054,999332.0
2020Q4,-579819.0,-25592.0,2192668.0,197952.0,95324.0,-371667.0,7734912,6989744,4544726,2149088.0,20946158,113980.0,-535102.0,2684190.0,15983102,1000908.0
2021Q1,-211457.0,-199858.0,2147881.0,358473.0,560112.0,218881.0,7888264,7129772,4596441,1376888.0,21347365,-212435.0,-1408780.0,2785668.0,16679519,1017608.0
2021Q2,-451403.0,-359784.0,2102415.0,348989.0,207944.0,41045.0,7933577,7181758,4774223,2064436.0,21699043,124213.0,-918981.0,2983417.0,17425373,958844.0
2021Q3,1643486.0,-206968.0,2279192.0,443577.0,369380.0,393134.0,8014955,7270014,4853016,423864.0,21846135,51845.0,-2407377.0,2831241.0,18133183,1001692.0
2021Q4,-934422.0,93953.0,2540690.0,-18611.0,-78492.0,974449.0,8013929,7250391,5163826,2580328.0,22557536,60541.0,-45229.0,2625557.0,18789572,868000.0
2022Q1,-390493.0,717974.0,2989038.0,214573.0,211600.0,808854.0,8121641,7303291,5362676,2540848.0,23246108,-19907.0,423721.0,2117127.0,19318854,401264.0
2022Q2,170315.0,244674.0,2666236.0,-7139.0,-157544.0,944432.0,8084840,7263905,5599774,681388.0,23253368,140245.0,-966264.0,1647652.0,19730767,-104656.0
2022Q3,-4073.0,-40328.0,2778654.0,183093.0,25480.0,237992.0,8096115,7270275,5641430,1274420.0,23616710,168989.0,305349.0,969071.0,19973035,-399160.0
2022Q4,-179168.0,137758.0,2824357.0,-10815.0,59756.0,290286.0,8108858,7285214,5673619,653108.0,23844978,-52087.0,-49986.0,703094.0,20148809,-492680.0
2023Q1,-628549.0,-17600.0,2775323.0,564005.0,628328.0,60411.0,8274869,7442296,5683743,1546932.0,24282042,-71787.0,1284143.0,262789.0,20214506,-873308.0
2023Q2,-104994.0,-13002.0,2813234.0,176297.0,144744.0,120319.0,8300270,7478482,5682839,2608928.0,24772373,21177.0,2240191.0,368737.0,20306690,-673288.0
2023Q3,331637.0,64551.0,2892981.0,141973.0,83228.0,101419.0,8328440,7499289,5684886,3236728.0,25630167,59449.0,2980136.0,256592.0,20370838,-519752.0
2023Q4,747144.0,-2953.0,2923911.0,105049.0,54732.0,37121.0,8355689,7512972,5721132,2133780.0,26226569,72785.0,1410154.0,723626.0,20551744,-607916.0
2024Q1,-142162.0,210277.0,2887881.0,558933.0,449500.0,180361.0,8487405,7625347,5762484,2140536.0,26808608,82645.0,1360024.0,780512.0,20746872,-619544.0
2024Q2,-123354.0,77147.0,2986814.0,299021.0,288140.0,514219.0,8545058,7696510,5870970,1020548.0,26903135,-18499.0,-544898.0,1565446.0,21138233,-663924.0
2024Q3,-343052.0,97289.0,3012815.0,341485.0,486884.0,351463.0,8649210,7818231,5941139,2523920.0,27586426,-166287.0,747714.0,1776206.0,21582285,-378996.0
2024Q4,401459.0,6284.0,2936715.0,-60911.0,-51684.0,194312.0,8639449,7805310,5908824,1966600.0,28139470,15557.0,482600.0,1484000.0,21953285,-315020.0
2025Q1,-294276.0,142124.0,3165153.0,636493.0,492352.0,391065.0,8808464,7928398,5912744,1056232.0,28447272,110793.0,-299424.0,1355656.0,22292199,-311336.0
2025Q2,-469460.0,-249844.0,2993219.0,151381.0,-47532.0,668737.0,8824584,7916515,6027633,921844.0,28518345,155553.0,-848667.0,1770511.0,22734827,-62388.0
2025Q3,-345504.0,-252822.0,3042531.0,307704.0,417732.0,428307.0,8898645,8020948,6117532,3988703.0,29571648,-105151.0,2227947.0,1760756.0,23175016,-66372.0
2025Q4,930855.0,-164438.0,3101771.0,104025.0,217488.0,155624.0,8939349,8075320,6230036,1753904.0,30069641,-102911.0,361660.0,1392244.0,23523077,-43932.0
2026Q1,554592.0,-734256.0,3200903.0,646036.0,483688.0,621850.0,9136223,8196242,6382763,2126003.0,30641548,144096.0,929015.0,1196988.0,23822324,-20492.0
2026Q2,-247096.0,-249632.0,3253581.0,202808.0,327000.0,646504.0,9190040,8277992,6517802,1579436.0,30878287,-129604.0,116052.0,1463384.0,24188170,20936.0
